lesson_id,course_id,lesson_title,lesson_order,duration
LES00001,CU001,Python_1 - Lesson 1,1,00:43:00
LES00002,CU001,Python_1 - Lesson 2,2,00:31:00
LES00003,CU001,Python_1 - Lesson 3,3,00:40:00
LES00004,CU001,Python_1 - Lesson 4,4,00:15:00
LES00005,CU001,Python_1 - Lesson 5,5,00:42:00
LES00006,CU001,Python_1 - Lesson 6,6,00:34:00
LES00007,CU001,Python_1 - Lesson 7,7,00:37:00
LES00008,CU001,Python_1 - Lesson 8,8,00:19:00
LES00009,CU001,Python_1 - Lesson 9,9,00:34:00
LES00010,CU001,Python_1 - Lesson 10,10,00:19:00
LES00011,CU001,Python_1 - Lesson 11,11,00:15:00
LES00012,CU001,Python_1 - Lesson 12,12,00:36:00
LES00013,CU001,Python_1 - Lesson 13,13,00:13:00
LES00014,CU001,Python_1 - Lesson 14,14,00:42:00
LES00015,CU001,Python_1 - Lesson 15,15,00:38:00
LES00016,CU001,Python_1 - Lesson 16,16,00:30:00
LES00017,CU001,Python_1 - Lesson 17,17,00:31:00
LES00018,CU001,Python_1 - Lesson 18,18,00:14:00
LES00019,CU002,React_2 - Lesson 1,1,00:13:00
LES00020,CU002,React_2 - Lesson 2,2,00:41:00
LES00021,CU002,React_2 - Lesson 3,3,00:42:00
LES00022,CU002,React_2 - Lesson 4,4,00:19:00
LES00023,CU002,React_2 - Lesson 5,5,00:31:00
LES00024,CU002,React_2 - Lesson 6,6,00:37:00
LES00025,CU002,React_2 - Lesson 7,7,00:20:00
LES00026,CU002,React_2 - Lesson 8,8,00:38:00
LES00027,CU002,React_2 - Lesson 9,9,00:17:00
LES00028,CU002,React_2 - Lesson 10,10,00:38:00
LES00029,CU002,React_2 - Lesson 11,11,00:19:00
LES00030,CU002,React_2 - Lesson 12,12,00:21:00
LES00031,CU002,React_2 - Lesson 13,13,00:29:00
LES00032,CU002,React_2 - Lesson 14,14,00:40:00
LES00033,CU002,React_2 - Lesson 15,15,00:23:00
LES00034,CU002,React_2 - Lesson 16,16,00:36:00
LES00035,CU002,React_2 - Lesson 17,17,00:34:00
LES00036,CU002,React_2 - Lesson 18,18,00:27:00
LES00037,CU003,React_3 - Lesson 1,1,00:39:00
LES00038,CU003,React_3 - Lesson 2,2,00:33:00
LES00039,CU003,React_3 - Lesson 3,3,00:08:00
LES00040,CU003,React_3 - Lesson 4,4,00:34:00
LES00041,CU003,React_3 - Lesson 5,5,00:33:00
LES00042,CU003,React_3 - Lesson 6,6,00:22:00
LES00043,CU003,React_3 - Lesson 7,7,00:38:00
LES00044,CU003,React_3 - Lesson 8,8,00:35:00
LES00045,CU003,React_3 - Lesson 9,9,00:38:00
LES00046,CU003,React_3 - Lesson 10,10,00:31:00
LES00047,CU003,React_3 - Lesson 11,11,00:39:00
LES00048,CU003,React_3 - Lesson 12,12,00:08:00
LES00049,CU003,React_3 - Lesson 13,13,00:21:00
LES00050,CU003,React_3 - Lesson 14,14,00:30:00
LES00051,CU003,React_3 - Lesson 15,15,00:26:00
LES00052,CU003,React_3 - Lesson 16,16,00:42:00
LES00053,CU003,React_3 - Lesson 17,17,00:26:00
LES00054,CU003,React_3 - Lesson 18,18,00:18:00
LES00055,CU004,Web_Development_4 - Lesson 1,1,00:21:00
LES00056,CU004,Web_Development_4 - Lesson 2,2,00:12:00
LES00057,CU004,Web_Development_4 - Lesson 3,3,00:13:00
LES00058,CU004,Web_Development_4 - Lesson 4,4,00:21:00
LES00059,CU004,Web_Development_4 - Lesson 5,5,00:30:00
LES00060,CU004,Web_Development_4 - Lesson 6,6,00:17:00
LES00061,CU004,Web_Development_4 - Lesson 7,7,00:13:00
LES00062,CU004,Web_Development_4 - Lesson 8,8,00:41:00
LES00063,CU004,Web_Development_4 - Lesson 9,9,00:17:00
LES00064,CU004,Web_Development_4 - Lesson 10,10,00:10:00
LES00065,CU004,Web_Development_4 - Lesson 11,11,00:25:00
LES00066,CU004,Web_Development_4 - Lesson 12,12,00:40:00
LES00067,CU004,Web_Development_4 - Lesson 13,13,00:28:00
LES00068,CU004,Web_Development_4 - Lesson 14,14,00:19:00
LES00069,CU004,Web_Development_4 - Lesson 15,15,00:27:00
LES00070,CU004,Web_Development_4 - Lesson 16,16,00:20:00
LES00071,CU004,Web_Development_4 - Lesson 17,17,00:36:00
LES00072,CU004,Web_Development_4 - Lesson 18,18,00:43:00
LES00073,CU005,Cloud_Computing_5 - Lesson 1,1,00:22:00
LES00074,CU005,Cloud_Computing_5 - Lesson 2,2,00:15:00
LES00075,CU005,Cloud_Computing_5 - Lesson 3,3,00:15:00
LES00076,CU005,Cloud_Computing_5 - Lesson 4,4,00:41:00
LES00077,CU005,Cloud_Computing_5 - Lesson 5,5,00:08:00
LES00078,CU005,Cloud_Computing_5 - Lesson 6,6,00:13:00
LES00079,CU005,Cloud_Computing_5 - Lesson 7,7,00:43:00
LES00080,CU005,Cloud_Computing_5 - Lesson 8,8,00:36:00
LES00081,CU005,Cloud_Computing_5 - Lesson 9,9,00:27:00
LES00082,CU005,Cloud_Computing_5 - Lesson 10,10,00:43:00
LES00083,CU005,Cloud_Computing_5 - Lesson 11,11,00:19:00
LES00084,CU005,Cloud_Computing_5 - Lesson 12,12,00:41:00
LES00085,CU005,Cloud_Computing_5 - Lesson 13,13,00:19:00
LES00086,CU005,Cloud_Computing_5 - Lesson 14,14,00:34:00
LES00087,CU005,Cloud_Computing_5 - Lesson 15,15,00:19:00
LES00088,CU005,Cloud_Computing_5 - Lesson 16,16,00:13:00
LES00089,CU005,Cloud_Computing_5 - Lesson 17,17,00:17:00
LES00090,CU005,Cloud_Computing_5 - Lesson 18,18,00:12:00
LES00091,CU006,Java_6 - Lesson 1,1,00:41:00
LES00092,CU006,Java_6 - Lesson 2,2,00:34:00
LES00093,CU006,Java_6 - Lesson 3,3,00:10:00
LES00094,CU006,Java_6 - Lesson 4,4,00:26:00
LES00095,CU006,Java_6 - Lesson 5,5,00:37:00
LES00096,CU006,Java_6 - Lesson 6,6,00:40:00
LES00097,CU006,Java_6 - Lesson 7,7,00:43:00
LES00098,CU006,Java_6 - Lesson 8,8,00:09:00
LES00099,CU006,Java_6 - Lesson 9,9,00:41:00
LES00100,CU006,Java_6 - Lesson 10,10,00:25:00
LES00101,CU006,Java_6 - Lesson 11,11,00:12:00
LES00102,CU006,Java_6 - Lesson 12,12,00:32:00
LES00103,CU006,Java_6 - Lesson 13,13,00:24:00
LES00104,CU006,Java_6 - Lesson 14,14,00:38:00
LES00105,CU006,Java_6 - Lesson 15,15,00:12:00
LES00106,CU006,Java_6 - Lesson 16,16,00:41:00
LES00107,CU006,Java_6 - Lesson 17,17,00:17:00
LES00108,CU006,Java_6 - Lesson 18,18,00:18:00
LES00109,CU007,Web_Development_7 - Lesson 1,1,00:38:00
LES00110,CU007,Web_Development_7 - Lesson 2,2,00:18:00
LES00111,CU007,Web_Development_7 - Lesson 3,3,00:08:00
LES00112,CU007,Web_Development_7 - Lesson 4,4,00:28:00
LES00113,CU007,Web_Development_7 - Lesson 5,5,00:31:00
LES00114,CU007,Web_Development_7 - Lesson 6,6,00:43:00
LES00115,CU007,Web_Development_7 - Lesson 7,7,00:10:00
LES00116,CU007,Web_Development_7 - Lesson 8,8,00:16:00
LES00117,CU007,Web_Development_7 - Lesson 9,9,00:20:00
LES00118,CU007,Web_Development_7 - Lesson 10,10,00:12:00
LES00119,CU007,Web_Development_7 - Lesson 11,11,00:10:00
LES00120,CU007,Web_Development_7 - Lesson 12,12,00:11:00
LES00121,CU007,Web_Development_7 - Lesson 13,13,00:18:00
LES00122,CU007,Web_Development_7 - Lesson 14,14,00:20:00
LES00123,CU007,Web_Development_7 - Lesson 15,15,00:24:00
LES00124,CU007,Web_Development_7 - Lesson 16,16,00:08:00
LES00125,CU007,Web_Development_7 - Lesson 17,17,00:15:00
LES00126,CU007,Web_Development_7 - Lesson 18,18,00:21:00
LES00127,CU008,Data_Engineering_8 - Lesson 1,1,00:30:00
LES00128,CU008,Data_Engineering_8 - Lesson 2,2,00:28:00
LES00129,CU008,Data_Engineering_8 - Lesson 3,3,00:13:00
LES00130,CU008,Data_Engineering_8 - Lesson 4,4,00:40:00
LES00131,CU008,Data_Engineering_8 - Lesson 5,5,00:38:00
LES00132,CU008,Data_Engineering_8 - Lesson 6,6,00:16:00
LES00133,CU008,Data_Engineering_8 - Lesson 7,7,00:30:00
LES00134,CU008,Data_Engineering_8 - Lesson 8,8,00:36:00
LES00135,CU008,Data_Engineering_8 - Lesson 9,9,00:15:00
LES00136,CU008,Data_Engineering_8 - Lesson 10,10,00:39:00
LES00137,CU008,Data_Engineering_8 - Lesson 11,11,00:40:00
LES00138,CU008,Data_Engineering_8 - Lesson 12,12,00:12:00
LES00139,CU008,Data_Engineering_8 - Lesson 13,13,00:18:00
LES00140,CU008,Data_Engineering_8 - Lesson 14,14,00:39:00
LES00141,CU008,Data_Engineering_8 - Lesson 15,15,00:12:00
LES00142,CU008,Data_Engineering_8 - Lesson 16,16,00:23:00
LES00143,CU008,Data_Engineering_8 - Lesson 17,17,00:44:00
LES00144,CU008,Data_Engineering_8 - Lesson 18,18,00:41:00
LES00145,CU009,SQL_9 - Lesson 1,1,00:18:00
LES00146,CU009,SQL_9 - Lesson 2,2,00:18:00
LES00147,CU009,SQL_9 - Lesson 3,3,00:21:00
LES00148,CU009,SQL_9 - Lesson 4,4,00:28:00
LES00149,CU009,SQL_9 - Lesson 5,5,00:15:00
LES00150,CU009,SQL_9 - Lesson 6,6,00:22:00
LES00151,CU009,SQL_9 - Lesson 7,7,00:20:00
LES00152,CU009,SQL_9 - Lesson 8,8,00:29:00
LES00153,CU009,SQL_9 - Lesson 9,9,00:09:00
LES00154,CU009,SQL_9 - Lesson 10,10,00:28:00
LES00155,CU009,SQL_9 - Lesson 11,11,00:12:00
LES00156,CU009,SQL_9 - Lesson 12,12,00:31:00
LES00157,CU009,SQL_9 - Lesson 13,13,00:44:00
LES00158,CU009,SQL_9 - Lesson 14,14,00:31:00
LES00159,CU009,SQL_9 - Lesson 15,15,00:13:00
LES00160,CU009,SQL_9 - Lesson 16,16,00:31:00
LES00161,CU009,SQL_9 - Lesson 17,17,00:26:00
LES00162,CU009,SQL_9 - Lesson 18,18,00:40:00
LES00163,CU010,Web_Development_10 - Lesson 1,1,00:30:00
LES00164,CU010,Web_Development_10 - Lesson 2,2,00:23:00
LES00165,CU010,Web_Development_10 - Lesson 3,3,00:33:00
LES00166,CU010,Web_Development_10 - Lesson 4,4,00:45:00
LES00167,CU010,Web_Development_10 - Lesson 5,5,00:45:00
LES00168,CU010,Web_Development_10 - Lesson 6,6,00:24:00
LES00169,CU010,Web_Development_10 - Lesson 7,7,00:16:00
LES00170,CU010,Web_Development_10 - Lesson 8,8,00:22:00
LES00171,CU010,Web_Development_10 - Lesson 9,9,00:27:00
LES00172,CU010,Web_Development_10 - Lesson 10,10,00:09:00
LES00173,CU010,Web_Development_10 - Lesson 11,11,00:17:00
LES00174,CU010,Web_Development_10 - Lesson 12,12,00:42:00
LES00175,CU010,Web_Development_10 - Lesson 13,13,00:25:00
LES00176,CU010,Web_Development_10 - Lesson 14,14,00:13:00
LES00177,CU010,Web_Development_10 - Lesson 15,15,00:29:00
LES00178,CU010,Web_Development_10 - Lesson 16,16,00:08:00
LES00179,CU010,Web_Development_10 - Lesson 17,17,00:38:00
LES00180,CU010,Web_Development_10 - Lesson 18,18,00:40:00
LES00181,CU011,React_11 - Lesson 1,1,00:38:00
LES00182,CU011,React_11 - Lesson 2,2,00:43:00
LES00183,CU011,React_11 - Lesson 3,3,00:12:00
LES00184,CU011,React_11 - Lesson 4,4,00:40:00
LES00185,CU011,React_11 - Lesson 5,5,00:17:00
LES00186,CU011,React_11 - Lesson 6,6,00:24:00
LES00187,CU011,React_11 - Lesson 7,7,00:45:00
LES00188,CU011,React_11 - Lesson 8,8,00:24:00
LES00189,CU011,React_11 - Lesson 9,9,00:39:00
LES00190,CU011,React_11 - Lesson 10,10,00:21:00
LES00191,CU011,React_11 - Lesson 11,11,00:18:00
LES00192,CU011,React_11 - Lesson 12,12,00:22:00
LES00193,CU011,React_11 - Lesson 13,13,00:37:00
LES00194,CU011,React_11 - Lesson 14,14,00:31:00
LES00195,CU011,React_11 - Lesson 15,15,00:08:00
LES00196,CU011,React_11 - Lesson 16,16,00:25:00
LES00197,CU011,React_11 - Lesson 17,17,00:25:00
LES00198,CU011,React_11 - Lesson 18,18,00:43:00
LES00199,CU012,Python_12 - Lesson 1,1,00:08:00
LES00200,CU012,Python_12 - Lesson 2,2,00:15:00
LES00201,CU012,Python_12 - Lesson 3,3,00:41:00
LES00202,CU012,Python_12 - Lesson 4,4,00:39:00
LES00203,CU012,Python_12 - Lesson 5,5,00:38:00
LES00204,CU012,Python_12 - Lesson 6,6,00:26:00
LES00205,CU012,Python_12 - Lesson 7,7,00:40:00
LES00206,CU012,Python_12 - Lesson 8,8,00:43:00
LES00207,CU012,Python_12 - Lesson 9,9,00:36:00
LES00208,CU012,Python_12 - Lesson 10,10,00:12:00
LES00209,CU012,Python_12 - Lesson 11,11,00:18:00
LES00210,CU012,Python_12 - Lesson 12,12,00:39:00
LES00211,CU012,Python_12 - Lesson 13,13,00:16:00
LES00212,CU012,Python_12 - Lesson 14,14,00:27:00
LES00213,CU012,Python_12 - Lesson 15,15,00:24:00
LES00214,CU012,Python_12 - Lesson 16,16,00:15:00
LES00215,CU012,Python_12 - Lesson 17,17,00:33:00
LES00216,CU012,Python_12 - Lesson 18,18,00:09:00
LES00217,CU013,SQL_13 - Lesson 1,1,00:12:00
LES00218,CU013,SQL_13 - Lesson 2,2,00:24:00
LES00219,CU013,SQL_13 - Lesson 3,3,00:23:00
LES00220,CU013,SQL_13 - Lesson 4,4,00:10:00
LES00221,CU013,SQL_13 - Lesson 5,5,00:42:00
LES00222,CU013,SQL_13 - Lesson 6,6,00:20:00
LES00223,CU013,SQL_13 - Lesson 7,7,00:37:00
LES00224,CU013,SQL_13 - Lesson 8,8,00:33:00
LES00225,CU013,SQL_13 - Lesson 9,9,00:28:00
LES00226,CU013,SQL_13 - Lesson 10,10,00:44:00
LES00227,CU013,SQL_13 - Lesson 11,11,00:18:00
LES00228,CU013,SQL_13 - Lesson 12,12,00:41:00
LES00229,CU013,SQL_13 - Lesson 13,13,00:33:00
LES00230,CU013,SQL_13 - Lesson 14,14,00:39:00
LES00231,CU013,SQL_13 - Lesson 15,15,00:41:00
LES00232,CU013,SQL_13 - Lesson 16,16,00:40:00
LES00233,CU013,SQL_13 - Lesson 17,17,00:42:00
LES00234,CU013,SQL_13 - Lesson 18,18,00:21:00
LES00235,CU014,React_14 - Lesson 1,1,00:24:00
LES00236,CU014,React_14 - Lesson 2,2,00:39:00
LES00237,CU014,React_14 - Lesson 3,3,00:18:00
LES00238,CU014,React_14 - Lesson 4,4,00:29:00
LES00239,CU014,React_14 - Lesson 5,5,00:25:00
LES00240,CU014,React_14 - Lesson 6,6,00:12:00
LES00241,CU014,React_14 - Lesson 7,7,00:40:00
LES00242,CU014,React_14 - Lesson 8,8,00:44:00
LES00243,CU014,React_14 - Lesson 9,9,00:19:00
LES00244,CU014,React_14 - Lesson 10,10,00:41:00
LES00245,CU014,React_14 - Lesson 11,11,00:08:00
LES00246,CU014,React_14 - Lesson 12,12,00:36:00
LES00247,CU014,React_14 - Lesson 13,13,00:26:00
LES00248,CU014,React_14 - Lesson 14,14,00:35:00
LES00249,CU014,React_14 - Lesson 15,15,00:21:00
LES00250,CU014,React_14 - Lesson 16,16,00:30:00
LES00251,CU014,React_14 - Lesson 17,17,00:37:00
LES00252,CU014,React_14 - Lesson 18,18,00:11:00
LES00253,CU015,DevOps_15 - Lesson 1,1,00:12:00
LES00254,CU015,DevOps_15 - Lesson 2,2,00:26:00
LES00255,CU015,DevOps_15 - Lesson 3,3,00:24:00
LES00256,CU015,DevOps_15 - Lesson 4,4,00:37:00
LES00257,CU015,DevOps_15 - Lesson 5,5,00:17:00
LES00258,CU015,DevOps_15 - Lesson 6,6,00:10:00
LES00259,CU015,DevOps_15 - Lesson 7,7,00:27:00
LES00260,CU015,DevOps_15 - Lesson 8,8,00:34:00
LES00261,CU015,DevOps_15 - Lesson 9,9,00:16:00
LES00262,CU015,DevOps_15 - Lesson 10,10,00:24:00
LES00263,CU015,DevOps_15 - Lesson 11,11,00:40:00
LES00264,CU015,DevOps_15 - Lesson 12,12,00:35:00
LES00265,CU015,DevOps_15 - Lesson 13,13,00:31:00
LES00266,CU015,DevOps_15 - Lesson 14,14,00:41:00
LES00267,CU015,DevOps_15 - Lesson 15,15,00:36:00
LES00268,CU015,DevOps_15 - Lesson 16,16,00:42:00
LES00269,CU015,DevOps_15 - Lesson 17,17,00:30:00
LES00270,CU015,DevOps_15 - Lesson 18,18,00:08:00
LES00271,CU016,Web_Development_16 - Lesson 1,1,00:15:00
LES00272,CU016,Web_Development_16 - Lesson 2,2,00:13:00
LES00273,CU016,Web_Development_16 - Lesson 3,3,00:08:00
LES00274,CU016,Web_Development_16 - Lesson 4,4,00:24:00
LES00275,CU016,Web_Development_16 - Lesson 5,5,00:34:00
LES00276,CU016,Web_Development_16 - Lesson 6,6,00:14:00
LES00277,CU016,Web_Development_16 - Lesson 7,7,00:12:00
LES00278,CU016,Web_Development_16 - Lesson 8,8,00:23:00
LES00279,CU016,Web_Development_16 - Lesson 9,9,00:43:00
LES00280,CU016,Web_Development_16 - Lesson 10,10,00:20:00
LES00281,CU016,Web_Development_16 - Lesson 11,11,00:28:00
LES00282,CU016,Web_Development_16 - Lesson 12,12,00:41:00
LES00283,CU016,Web_Development_16 - Lesson 13,13,00:12:00
LES00284,CU016,Web_Development_16 - Lesson 14,14,00:10:00
LES00285,CU016,Web_Development_16 - Lesson 15,15,00:13:00
LES00286,CU016,Web_Development_16 - Lesson 16,16,00:45:00
LES00287,CU016,Web_Development_16 - Lesson 17,17,00:23:00
LES00288,CU016,Web_Development_16 - Lesson 18,18,00:29:00
LES00289,CU017,Java_17 - Lesson 1,1,00:22:00
LES00290,CU017,Java_17 - Lesson 2,2,00:16:00
LES00291,CU017,Java_17 - Lesson 3,3,00:28:00
LES00292,CU017,Java_17 - Lesson 4,4,00:36:00
LES00293,CU017,Java_17 - Lesson 5,5,00:44:00
LES00294,CU017,Java_17 - Lesson 6,6,00:19:00
LES00295,CU017,Java_17 - Lesson 7,7,00:16:00
LES00296,CU017,Java_17 - Lesson 8,8,00:13:00
LES00297,CU017,Java_17 - Lesson 9,9,00:23:00
LES00298,CU017,Java_17 - Lesson 10,10,00:38:00
LES00299,CU017,Java_17 - Lesson 11,11,00:13:00
LES00300,CU017,Java_17 - Lesson 12,12,00:08:00
LES00301,CU017,Java_17 - Lesson 13,13,00:43:00
LES00302,CU017,Java_17 - Lesson 14,14,00:10:00
LES00303,CU017,Java_17 - Lesson 15,15,00:15:00
LES00304,CU017,Java_17 - Lesson 16,16,00:36:00
LES00305,CU017,Java_17 - Lesson 17,17,00:16:00
LES00306,CU017,Java_17 - Lesson 18,18,00:25:00
LES00307,CU018,SQL_18 - Lesson 1,1,00:16:00
LES00308,CU018,SQL_18 - Lesson 2,2,00:30:00
LES00309,CU018,SQL_18 - Lesson 3,3,00:28:00
LES00310,CU018,SQL_18 - Lesson 4,4,00:42:00
LES00311,CU018,SQL_18 - Lesson 5,5,00:44:00
LES00312,CU018,SQL_18 - Lesson 6,6,00:11:00
LES00313,CU018,SQL_18 - Lesson 7,7,00:42:00
LES00314,CU018,SQL_18 - Lesson 8,8,00:32:00
LES00315,CU018,SQL_18 - Lesson 9,9,00:40:00
LES00316,CU018,SQL_18 - Lesson 10,10,00:24:00
LES00317,CU018,SQL_18 - Lesson 11,11,00:26:00
LES00318,CU018,SQL_18 - Lesson 12,12,00:27:00
LES00319,CU018,SQL_18 - Lesson 13,13,00:34:00
LES00320,CU018,SQL_18 - Lesson 14,14,00:28:00
LES00321,CU018,SQL_18 - Lesson 15,15,00:15:00
LES00322,CU018,SQL_18 - Lesson 16,16,00:19:00
LES00323,CU018,SQL_18 - Lesson 17,17,00:45:00
LES00324,CU018,SQL_18 - Lesson 18,18,00:40:00
LES00325,CU019,Machine_Learning_19 - Lesson 1,1,00:14:00
LES00326,CU019,Machine_Learning_19 - Lesson 2,2,00:26:00
LES00327,CU019,Machine_Learning_19 - Lesson 3,3,00:31:00
LES00328,CU019,Machine_Learning_19 - Lesson 4,4,00:30:00
LES00329,CU019,Machine_Learning_19 - Lesson 5,5,00:12:00
LES00330,CU019,Machine_Learning_19 - Lesson 6,6,00:14:00
LES00331,CU019,Machine_Learning_19 - Lesson 7,7,00:38:00
LES00332,CU019,Machine_Learning_19 - Lesson 8,8,00:25:00
LES00333,CU019,Machine_Learning_19 - Lesson 9,9,00:44:00
LES00334,CU019,Machine_Learning_19 - Lesson 10,10,00:33:00
LES00335,CU019,Machine_Learning_19 - Lesson 11,11,00:28:00
LES00336,CU019,Machine_Learning_19 - Lesson 12,12,00:37:00
LES00337,CU019,Machine_Learning_19 - Lesson 13,13,00:16:00
LES00338,CU019,Machine_Learning_19 - Lesson 14,14,00:42:00
LES00339,CU019,Machine_Learning_19 - Lesson 15,15,00:45:00
LES00340,CU019,Machine_Learning_19 - Lesson 16,16,00:36:00
LES00341,CU019,Machine_Learning_19 - Lesson 17,17,00:26:00
LES00342,CU019,Machine_Learning_19 - Lesson 18,18,00:26:00
LES00343,CU020,Power_BI_20 - Lesson 1,1,00:25:00
LES00344,CU020,Power_BI_20 - Lesson 2,2,00:19:00
LES00345,CU020,Power_BI_20 - Lesson 3,3,00:15:00
LES00346,CU020,Power_BI_20 - Lesson 4,4,00:42:00
LES00347,CU020,Power_BI_20 - Lesson 5,5,00:09:00
LES00348,CU020,Power_BI_20 - Lesson 6,6,00:23:00
LES00349,CU020,Power_BI_20 - Lesson 7,7,00:16:00
LES00350,CU020,Power_BI_20 - Lesson 8,8,00:31:00
LES00351,CU020,Power_BI_20 - Lesson 9,9,00:09:00
LES00352,CU020,Power_BI_20 - Lesson 10,10,00:42:00
LES00353,CU020,Power_BI_20 - Lesson 11,11,00:28:00
LES00354,CU020,Power_BI_20 - Lesson 12,12,00:26:00
LES00355,CU020,Power_BI_20 - Lesson 13,13,00:27:00
LES00356,CU020,Power_BI_20 - Lesson 14,14,00:39:00
LES00357,CU020,Power_BI_20 - Lesson 15,15,00:12:00
LES00358,CU020,Power_BI_20 - Lesson 16,16,00:23:00
LES00359,CU020,Power_BI_20 - Lesson 17,17,00:21:00
LES00360,CU020,Power_BI_20 - Lesson 18,18,00:40:00
LES00361,CU021,React_21 - Lesson 1,1,00:08:00
LES00362,CU021,React_21 - Lesson 2,2,00:24:00
LES00363,CU021,React_21 - Lesson 3,3,00:38:00
LES00364,CU021,React_21 - Lesson 4,4,00:44:00
LES00365,CU021,React_21 - Lesson 5,5,00:17:00
LES00366,CU021,React_21 - Lesson 6,6,00:15:00
LES00367,CU021,React_21 - Lesson 7,7,00:40:00
LES00368,CU021,React_21 - Lesson 8,8,00:29:00
LES00369,CU021,React_21 - Lesson 9,9,00:13:00
LES00370,CU021,React_21 - Lesson 10,10,00:16:00
LES00371,CU021,React_21 - Lesson 11,11,00:15:00
LES00372,CU021,React_21 - Lesson 12,12,00:14:00
LES00373,CU021,React_21 - Lesson 13,13,00:10:00
LES00374,CU021,React_21 - Lesson 14,14,00:39:00
LES00375,CU021,React_21 - Lesson 15,15,00:23:00
LES00376,CU021,React_21 - Lesson 16,16,00:27:00
LES00377,CU021,React_21 - Lesson 17,17,00:15:00
LES00378,CU021,React_21 - Lesson 18,18,00:33:00
LES00379,CU022,Power_BI_22 - Lesson 1,1,00:13:00
LES00380,CU022,Power_BI_22 - Lesson 2,2,00:38:00
LES00381,CU022,Power_BI_22 - Lesson 3,3,00:10:00
LES00382,CU022,Power_BI_22 - Lesson 4,4,00:15:00
LES00383,CU022,Power_BI_22 - Lesson 5,5,00:31:00
LES00384,CU022,Power_BI_22 - Lesson 6,6,00:22:00
LES00385,CU022,Power_BI_22 - Lesson 7,7,00:16:00
LES00386,CU022,Power_BI_22 - Lesson 8,8,00:10:00
LES00387,CU022,Power_BI_22 - Lesson 9,9,00:45:00
LES00388,CU022,Power_BI_22 - Lesson 10,10,00:14:00
LES00389,CU022,Power_BI_22 - Lesson 11,11,00:35:00
LES00390,CU022,Power_BI_22 - Lesson 12,12,00:17:00
LES00391,CU022,Power_BI_22 - Lesson 13,13,00:26:00
LES00392,CU022,Power_BI_22 - Lesson 14,14,00:39:00
LES00393,CU022,Power_BI_22 - Lesson 15,15,00:22:00
LES00394,CU022,Power_BI_22 - Lesson 16,16,00:33:00
LES00395,CU022,Power_BI_22 - Lesson 17,17,00:38:00
LES00396,CU022,Power_BI_22 - Lesson 18,18,00:21:00
LES00397,CU023,React_23 - Lesson 1,1,00:32:00
LES00398,CU023,React_23 - Lesson 2,2,00:19:00
LES00399,CU023,React_23 - Lesson 3,3,00:11:00
LES00400,CU023,React_23 - Lesson 4,4,00:29:00
LES00401,CU023,React_23 - Lesson 5,5,00:40:00
LES00402,CU023,React_23 - Lesson 6,6,00:21:00
LES00403,CU023,React_23 - Lesson 7,7,00:45:00
LES00404,CU023,React_23 - Lesson 8,8,00:39:00
LES00405,CU023,React_23 - Lesson 9,9,00:43:00
LES00406,CU023,React_23 - Lesson 10,10,00:42:00
LES00407,CU023,React_23 - Lesson 11,11,00:24:00
LES00408,CU023,React_23 - Lesson 12,12,00:25:00
LES00409,CU023,React_23 - Lesson 13,13,00:21:00
LES00410,CU023,React_23 - Lesson 14,14,00:41:00
LES00411,CU023,React_23 - Lesson 15,15,00:21:00
LES00412,CU023,React_23 - Lesson 16,16,00:37:00
LES00413,CU023,React_23 - Lesson 17,17,00:08:00
LES00414,CU023,React_23 - Lesson 18,18,00:33:00
LES00415,CU024,Cloud_Computing_24 - Lesson 1,1,00:41:00
LES00416,CU024,Cloud_Computing_24 - Lesson 2,2,00:17:00
LES00417,CU024,Cloud_Computing_24 - Lesson 3,3,00:21:00
LES00418,CU024,Cloud_Computing_24 - Lesson 4,4,00:41:00
LES00419,CU024,Cloud_Computing_24 - Lesson 5,5,00:40:00
LES00420,CU024,Cloud_Computing_24 - Lesson 6,6,00:45:00
LES00421,CU024,Cloud_Computing_24 - Lesson 7,7,00:45:00
LES00422,CU024,Cloud_Computing_24 - Lesson 8,8,00:11:00
LES00423,CU024,Cloud_Computing_24 - Lesson 9,9,00:37:00
LES00424,CU024,Cloud_Computing_24 - Lesson 10,10,00:40:00
LES00425,CU024,Cloud_Computing_24 - Lesson 11,11,00:37:00
LES00426,CU024,Cloud_Computing_24 - Lesson 12,12,00:08:00
LES00427,CU024,Cloud_Computing_24 - Lesson 13,13,00:41:00
LES00428,CU024,Cloud_Computing_24 - Lesson 14,14,00:08:00
LES00429,CU024,Cloud_Computing_24 - Lesson 15,15,00:10:00
LES00430,CU024,Cloud_Computing_24 - Lesson 16,16,00:35:00
LES00431,CU024,Cloud_Computing_24 - Lesson 17,17,00:15:00
LES00432,CU024,Cloud_Computing_24 - Lesson 18,18,00:24:00
LES00433,CU025,DevOps_25 - Lesson 1,1,00:34:00
LES00434,CU025,DevOps_25 - Lesson 2,2,00:28:00
LES00435,CU025,DevOps_25 - Lesson 3,3,00:26:00
LES00436,CU025,DevOps_25 - Lesson 4,4,00:30:00
LES00437,CU025,DevOps_25 - Lesson 5,5,00:21:00
LES00438,CU025,DevOps_25 - Lesson 6,6,00:39:00
LES00439,CU025,DevOps_25 - Lesson 7,7,00:26:00
LES00440,CU025,DevOps_25 - Lesson 8,8,00:37:00
LES00441,CU025,DevOps_25 - Lesson 9,9,00:23:00
LES00442,CU025,DevOps_25 - Lesson 10,10,00:27:00
LES00443,CU025,DevOps_25 - Lesson 11,11,00:31:00
LES00444,CU025,DevOps_25 - Lesson 12,12,00:42:00
LES00445,CU025,DevOps_25 - Lesson 13,13,00:40:00
LES00446,CU025,DevOps_25 - Lesson 14,14,00:28:00
LES00447,CU025,DevOps_25 - Lesson 15,15,00:18:00
LES00448,CU025,DevOps_25 - Lesson 16,16,00:26:00
LES00449,CU025,DevOps_25 - Lesson 17,17,00:32:00
LES00450,CU025,DevOps_25 - Lesson 18,18,00:41:00
LES00451,CU026,Web_Development_26 - Lesson 1,1,00:15:00
LES00452,CU026,Web_Development_26 - Lesson 2,2,00:28:00
LES00453,CU026,Web_Development_26 - Lesson 3,3,00:17:00
LES00454,CU026,Web_Development_26 - Lesson 4,4,00:38:00
LES00455,CU026,Web_Development_26 - Lesson 5,5,00:34:00
LES00456,CU026,Web_Development_26 - Lesson 6,6,00:36:00
LES00457,CU026,Web_Development_26 - Lesson 7,7,00:30:00
LES00458,CU026,Web_Development_26 - Lesson 8,8,00:31:00
LES00459,CU026,Web_Development_26 - Lesson 9,9,00:37:00
LES00460,CU026,Web_Development_26 - Lesson 10,10,00:34:00
LES00461,CU026,Web_Development_26 - Lesson 11,11,00:33:00
LES00462,CU026,Web_Development_26 - Lesson 12,12,00:40:00
LES00463,CU026,Web_Development_26 - Lesson 13,13,00:31:00
LES00464,CU026,Web_Development_26 - Lesson 14,14,00:19:00
LES00465,CU026,Web_Development_26 - Lesson 15,15,00:31:00
LES00466,CU026,Web_Development_26 - Lesson 16,16,00:16:00
LES00467,CU026,Web_Development_26 - Lesson 17,17,00:08:00
LES00468,CU026,Web_Development_26 - Lesson 18,18,00:11:00
LES00469,CU027,Java_27 - Lesson 1,1,00:20:00
LES00470,CU027,Java_27 - Lesson 2,2,00:28:00
LES00471,CU027,Java_27 - Lesson 3,3,00:29:00
LES00472,CU027,Java_27 - Lesson 4,4,00:19:00
LES00473,CU027,Java_27 - Lesson 5,5,00:38:00
LES00474,CU027,Java_27 - Lesson 6,6,00:39:00
LES00475,CU027,Java_27 - Lesson 7,7,00:16:00
LES00476,CU027,Java_27 - Lesson 8,8,00:34:00
LES00477,CU027,Java_27 - Lesson 9,9,00:22:00
LES00478,CU027,Java_27 - Lesson 10,10,00:23:00
LES00479,CU027,Java_27 - Lesson 11,11,00:28:00
LES00480,CU027,Java_27 - Lesson 12,12,00:08:00
LES00481,CU027,Java_27 - Lesson 13,13,00:28:00
LES00482,CU027,Java_27 - Lesson 14,14,00:25:00
LES00483,CU027,Java_27 - Lesson 15,15,00:09:00
LES00484,CU027,Java_27 - Lesson 16,16,00:21:00
LES00485,CU027,Java_27 - Lesson 17,17,00:26:00
LES00486,CU027,Java_27 - Lesson 18,18,00:24:00
LES00487,CU028,Python_28 - Lesson 1,1,00:23:00
LES00488,CU028,Python_28 - Lesson 2,2,00:33:00
LES00489,CU028,Python_28 - Lesson 3,3,00:17:00
LES00490,CU028,Python_28 - Lesson 4,4,00:08:00
LES00491,CU028,Python_28 - Lesson 5,5,00:09:00
LES00492,CU028,Python_28 - Lesson 6,6,00:43:00
LES00493,CU028,Python_28 - Lesson 7,7,00:22:00
LES00494,CU028,Python_28 - Lesson 8,8,00:11:00
LES00495,CU028,Python_28 - Lesson 9,9,00:13:00
LES00496,CU028,Python_28 - Lesson 10,10,00:26:00
LES00497,CU028,Python_28 - Lesson 11,11,00:35:00
LES00498,CU028,Python_28 - Lesson 12,12,00:17:00
LES00499,CU028,Python_28 - Lesson 13,13,00:45:00
LES00500,CU028,Python_28 - Lesson 14,14,00:12:00
LES00501,CU028,Python_28 - Lesson 15,15,00:22:00
LES00502,CU028,Python_28 - Lesson 16,16,00:18:00
LES00503,CU028,Python_28 - Lesson 17,17,00:19:00
LES00504,CU028,Python_28 - Lesson 18,18,00:23:00
LES00505,CU029,Data_Engineering_29 - Lesson 1,1,00:23:00
LES00506,CU029,Data_Engineering_29 - Lesson 2,2,00:12:00
LES00507,CU029,Data_Engineering_29 - Lesson 3,3,00:10:00
LES00508,CU029,Data_Engineering_29 - Lesson 4,4,00:43:00
LES00509,CU029,Data_Engineering_29 - Lesson 5,5,00:13:00
LES00510,CU029,Data_Engineering_29 - Lesson 6,6,00:21:00
LES00511,CU029,Data_Engineering_29 - Lesson 7,7,00:20:00
LES00512,CU029,Data_Engineering_29 - Lesson 8,8,00:19:00
LES00513,CU029,Data_Engineering_29 - Lesson 9,9,00:10:00
LES00514,CU029,Data_Engineering_29 - Lesson 10,10,00:13:00
LES00515,CU029,Data_Engineering_29 - Lesson 11,11,00:26:00
LES00516,CU029,Data_Engineering_29 - Lesson 12,12,00:17:00
LES00517,CU029,Data_Engineering_29 - Lesson 13,13,00:12:00
LES00518,CU029,Data_Engineering_29 - Lesson 14,14,00:18:00
LES00519,CU029,Data_Engineering_29 - Lesson 15,15,00:16:00
LES00520,CU029,Data_Engineering_29 - Lesson 16,16,00:13:00
LES00521,CU029,Data_Engineering_29 - Lesson 17,17,00:32:00
LES00522,CU029,Data_Engineering_29 - Lesson 18,18,00:27:00
LES00523,CU030,Machine_Learning_30 - Lesson 1,1,00:14:00
LES00524,CU030,Machine_Learning_30 - Lesson 2,2,00:08:00
LES00525,CU030,Machine_Learning_30 - Lesson 3,3,00:42:00
LES00526,CU030,Machine_Learning_30 - Lesson 4,4,00:26:00
LES00527,CU030,Machine_Learning_30 - Lesson 5,5,00:29:00
LES00528,CU030,Machine_Learning_30 - Lesson 6,6,00:10:00
LES00529,CU030,Machine_Learning_30 - Lesson 7,7,00:10:00
LES00530,CU030,Machine_Learning_30 - Lesson 8,8,00:14:00
LES00531,CU030,Machine_Learning_30 - Lesson 9,9,00:43:00
LES00532,CU030,Machine_Learning_30 - Lesson 10,10,00:16:00
LES00533,CU030,Machine_Learning_30 - Lesson 11,11,00:40:00
LES00534,CU030,Machine_Learning_30 - Lesson 12,12,00:20:00
LES00535,CU030,Machine_Learning_30 - Lesson 13,13,00:32:00
LES00536,CU030,Machine_Learning_30 - Lesson 14,14,00:25:00
LES00537,CU030,Machine_Learning_30 - Lesson 15,15,00:21:00
LES00538,CU030,Machine_Learning_30 - Lesson 16,16,00:15:00
LES00539,CU030,Machine_Learning_30 - Lesson 17,17,00:17:00
LES00540,CU030,Machine_Learning_30 - Lesson 18,18,00:16:00
LES00541,CU031,Power_BI_31 - Lesson 1,1,00:10:00
LES00542,CU031,Power_BI_31 - Lesson 2,2,00:45:00
LES00543,CU031,Power_BI_31 - Lesson 3,3,00:37:00
LES00544,CU031,Power_BI_31 - Lesson 4,4,00:24:00
LES00545,CU031,Power_BI_31 - Lesson 5,5,00:18:00
LES00546,CU031,Power_BI_31 - Lesson 6,6,00:42:00
LES00547,CU031,Power_BI_31 - Lesson 7,7,00:09:00
LES00548,CU031,Power_BI_31 - Lesson 8,8,00:20:00
LES00549,CU031,Power_BI_31 - Lesson 9,9,00:24:00
LES00550,CU031,Power_BI_31 - Lesson 10,10,00:10:00
LES00551,CU031,Power_BI_31 - Lesson 11,11,00:38:00
LES00552,CU031,Power_BI_31 - Lesson 12,12,00:31:00
LES00553,CU031,Power_BI_31 - Lesson 13,13,00:36:00
LES00554,CU031,Power_BI_31 - Lesson 14,14,00:08:00
LES00555,CU031,Power_BI_31 - Lesson 15,15,00:18:00
LES00556,CU031,Power_BI_31 - Lesson 16,16,00:44:00
LES00557,CU031,Power_BI_31 - Lesson 17,17,00:31:00
LES00558,CU031,Power_BI_31 - Lesson 18,18,00:41:00
LES00559,CU032,Java_32 - Lesson 1,1,00:16:00
LES00560,CU032,Java_32 - Lesson 2,2,00:34:00
LES00561,CU032,Java_32 - Lesson 3,3,00:41:00
LES00562,CU032,Java_32 - Lesson 4,4,00:37:00
LES00563,CU032,Java_32 - Lesson 5,5,00:39:00
LES00564,CU032,Java_32 - Lesson 6,6,00:10:00
LES00565,CU032,Java_32 - Lesson 7,7,00:20:00
LES00566,CU032,Java_32 - Lesson 8,8,00:43:00
LES00567,CU032,Java_32 - Lesson 9,9,00:39:00
LES00568,CU032,Java_32 - Lesson 10,10,00:34:00
LES00569,CU032,Java_32 - Lesson 11,11,00:21:00
LES00570,CU032,Java_32 - Lesson 12,12,00:29:00
LES00571,CU032,Java_32 - Lesson 13,13,00:33:00
LES00572,CU032,Java_32 - Lesson 14,14,00:09:00
LES00573,CU032,Java_32 - Lesson 15,15,00:22:00
LES00574,CU032,Java_32 - Lesson 16,16,00:27:00
LES00575,CU032,Java_32 - Lesson 17,17,00:21:00
LES00576,CU032,Java_32 - Lesson 18,18,00:37:00
LES00577,CU033,Web_Development_33 - Lesson 1,1,00:22:00
LES00578,CU033,Web_Development_33 - Lesson 2,2,00:40:00
LES00579,CU033,Web_Development_33 - Lesson 3,3,00:16:00
LES00580,CU033,Web_Development_33 - Lesson 4,4,00:13:00
LES00581,CU033,Web_Development_33 - Lesson 5,5,00:41:00
LES00582,CU033,Web_Development_33 - Lesson 6,6,00:21:00
LES00583,CU033,Web_Development_33 - Lesson 7,7,00:14:00
LES00584,CU033,Web_Development_33 - Lesson 8,8,00:32:00
LES00585,CU033,Web_Development_33 - Lesson 9,9,00:36:00
LES00586,CU033,Web_Development_33 - Lesson 10,10,00:18:00
LES00587,CU033,Web_Development_33 - Lesson 11,11,00:39:00
LES00588,CU033,Web_Development_33 - Lesson 12,12,00:13:00
LES00589,CU033,Web_Development_33 - Lesson 13,13,00:30:00
LES00590,CU033,Web_Development_33 - Lesson 14,14,00:15:00
LES00591,CU033,Web_Development_33 - Lesson 15,15,00:09:00
LES00592,CU033,Web_Development_33 - Lesson 16,16,00:44:00
LES00593,CU033,Web_Development_33 - Lesson 17,17,00:19:00
LES00594,CU033,Web_Development_33 - Lesson 18,18,00:33:00
LES00595,CU034,React_34 - Lesson 1,1,00:27:00
LES00596,CU034,React_34 - Lesson 2,2,00:17:00
LES00597,CU034,React_34 - Lesson 3,3,00:43:00
LES00598,CU034,React_34 - Lesson 4,4,00:44:00
LES00599,CU034,React_34 - Lesson 5,5,00:45:00
LES00600,CU034,React_34 - Lesson 6,6,00:16:00
LES00601,CU034,React_34 - Lesson 7,7,00:17:00
LES00602,CU034,React_34 - Lesson 8,8,00:45:00
LES00603,CU034,React_34 - Lesson 9,9,00:44:00
LES00604,CU034,React_34 - Lesson 10,10,00:16:00
LES00605,CU034,React_34 - Lesson 11,11,00:20:00
LES00606,CU034,React_34 - Lesson 12,12,00:13:00
LES00607,CU034,React_34 - Lesson 13,13,00:24:00
LES00608,CU034,React_34 - Lesson 14,14,00:24:00
LES00609,CU034,React_34 - Lesson 15,15,00:39:00
LES00610,CU034,React_34 - Lesson 16,16,00:27:00
LES00611,CU034,React_34 - Lesson 17,17,00:33:00
LES00612,CU034,React_34 - Lesson 18,18,00:13:00
LES00613,CU035,React_35 - Lesson 1,1,00:27:00
LES00614,CU035,React_35 - Lesson 2,2,00:11:00
LES00615,CU035,React_35 - Lesson 3,3,00:08:00
LES00616,CU035,React_35 - Lesson 4,4,00:28:00
LES00617,CU035,React_35 - Lesson 5,5,00:42:00
LES00618,CU035,React_35 - Lesson 6,6,00:12:00
LES00619,CU035,React_35 - Lesson 7,7,00:26:00
LES00620,CU035,React_35 - Lesson 8,8,00:34:00
LES00621,CU035,React_35 - Lesson 9,9,00:13:00
LES00622,CU035,React_35 - Lesson 10,10,00:12:00
LES00623,CU035,React_35 - Lesson 11,11,00:40:00
LES00624,CU035,React_35 - Lesson 12,12,00:45:00
LES00625,CU035,React_35 - Lesson 13,13,00:15:00
LES00626,CU035,React_35 - Lesson 14,14,00:42:00
LES00627,CU035,React_35 - Lesson 15,15,00:29:00
LES00628,CU035,React_35 - Lesson 16,16,00:41:00
LES00629,CU035,React_35 - Lesson 17,17,00:21:00
LES00630,CU035,React_35 - Lesson 18,18,00:17:00
LES00631,CU036,Web_Development_36 - Lesson 1,1,00:19:00
LES00632,CU036,Web_Development_36 - Lesson 2,2,00:22:00
LES00633,CU036,Web_Development_36 - Lesson 3,3,00:34:00
LES00634,CU036,Web_Development_36 - Lesson 4,4,00:17:00
LES00635,CU036,Web_Development_36 - Lesson 5,5,00:30:00
LES00636,CU036,Web_Development_36 - Lesson 6,6,00:43:00
LES00637,CU036,Web_Development_36 - Lesson 7,7,00:19:00
LES00638,CU036,Web_Development_36 - Lesson 8,8,00:32:00
LES00639,CU036,Web_Development_36 - Lesson 9,9,00:35:00
LES00640,CU036,Web_Development_36 - Lesson 10,10,00:08:00
LES00641,CU036,Web_Development_36 - Lesson 11,11,00:13:00
LES00642,CU036,Web_Development_36 - Lesson 12,12,00:34:00
LES00643,CU036,Web_Development_36 - Lesson 13,13,00:11:00
LES00644,CU036,Web_Development_36 - Lesson 14,14,00:09:00
LES00645,CU036,Web_Development_36 - Lesson 15,15,00:15:00
LES00646,CU036,Web_Development_36 - Lesson 16,16,00:16:00
LES00647,CU036,Web_Development_36 - Lesson 17,17,00:19:00
LES00648,CU036,Web_Development_36 - Lesson 18,18,00:15:00
LES00649,CU037,SQL_37 - Lesson 1,1,00:27:00
LES00650,CU037,SQL_37 - Lesson 2,2,00:44:00
LES00651,CU037,SQL_37 - Lesson 3,3,00:41:00
LES00652,CU037,SQL_37 - Lesson 4,4,00:28:00
LES00653,CU037,SQL_37 - Lesson 5,5,00:41:00
LES00654,CU037,SQL_37 - Lesson 6,6,00:23:00
LES00655,CU037,SQL_37 - Lesson 7,7,00:09:00
LES00656,CU037,SQL_37 - Lesson 8,8,00:41:00
LES00657,CU037,SQL_37 - Lesson 9,9,00:15:00
LES00658,CU037,SQL_37 - Lesson 10,10,00:20:00
LES00659,CU037,SQL_37 - Lesson 11,11,00:20:00
LES00660,CU037,SQL_37 - Lesson 12,12,00:33:00
LES00661,CU037,SQL_37 - Lesson 13,13,00:10:00
LES00662,CU037,SQL_37 - Lesson 14,14,00:13:00
LES00663,CU037,SQL_37 - Lesson 15,15,00:45:00
LES00664,CU037,SQL_37 - Lesson 16,16,00:38:00
LES00665,CU037,SQL_37 - Lesson 17,17,00:31:00
LES00666,CU037,SQL_37 - Lesson 18,18,00:11:00
LES00667,CU038,DevOps_38 - Lesson 1,1,00:19:00
LES00668,CU038,DevOps_38 - Lesson 2,2,00:13:00
LES00669,CU038,DevOps_38 - Lesson 3,3,00:12:00
LES00670,CU038,DevOps_38 - Lesson 4,4,00:45:00
LES00671,CU038,DevOps_38 - Lesson 5,5,00:43:00
LES00672,CU038,DevOps_38 - Lesson 6,6,00:43:00
LES00673,CU038,DevOps_38 - Lesson 7,7,00:09:00
LES00674,CU038,DevOps_38 - Lesson 8,8,00:33:00
LES00675,CU038,DevOps_38 - Lesson 9,9,00:15:00
LES00676,CU038,DevOps_38 - Lesson 10,10,00:23:00
LES00677,CU038,DevOps_38 - Lesson 11,11,00:42:00
LES00678,CU038,DevOps_38 - Lesson 12,12,00:40:00
LES00679,CU038,DevOps_38 - Lesson 13,13,00:30:00
LES00680,CU038,DevOps_38 - Lesson 14,14,00:24:00
LES00681,CU038,DevOps_38 - Lesson 15,15,00:09:00
LES00682,CU038,DevOps_38 - Lesson 16,16,00:37:00
LES00683,CU038,DevOps_38 - Lesson 17,17,00:24:00
LES00684,CU038,DevOps_38 - Lesson 18,18,00:35:00
LES00685,CU039,SQL_39 - Lesson 1,1,00:27:00
LES00686,CU039,SQL_39 - Lesson 2,2,00:41:00
LES00687,CU039,SQL_39 - Lesson 3,3,00:43:00
LES00688,CU039,SQL_39 - Lesson 4,4,00:32:00
LES00689,CU039,SQL_39 - Lesson 5,5,00:11:00
LES00690,CU039,SQL_39 - Lesson 6,6,00:44:00
LES00691,CU039,SQL_39 - Lesson 7,7,00:33:00
LES00692,CU039,SQL_39 - Lesson 8,8,00:13:00
LES00693,CU039,SQL_39 - Lesson 9,9,00:34:00
LES00694,CU039,SQL_39 - Lesson 10,10,00:16:00
LES00695,CU039,SQL_39 - Lesson 11,11,00:14:00
LES00696,CU039,SQL_39 - Lesson 12,12,00:33:00
LES00697,CU039,SQL_39 - Lesson 13,13,00:40:00
LES00698,CU039,SQL_39 - Lesson 14,14,00:44:00
LES00699,CU039,SQL_39 - Lesson 15,15,00:25:00
LES00700,CU039,SQL_39 - Lesson 16,16,00:33:00
LES00701,CU039,SQL_39 - Lesson 17,17,00:08:00
LES00702,CU039,SQL_39 - Lesson 18,18,00:32:00
LES00703,CU040,Power_BI_40 - Lesson 1,1,00:11:00
LES00704,CU040,Power_BI_40 - Lesson 2,2,00:20:00
LES00705,CU040,Power_BI_40 - Lesson 3,3,00:23:00
LES00706,CU040,Power_BI_40 - Lesson 4,4,00:22:00
LES00707,CU040,Power_BI_40 - Lesson 5,5,00:09:00
LES00708,CU040,Power_BI_40 - Lesson 6,6,00:44:00
LES00709,CU040,Power_BI_40 - Lesson 7,7,00:20:00
LES00710,CU040,Power_BI_40 - Lesson 8,8,00:19:00
LES00711,CU040,Power_BI_40 - Lesson 9,9,00:27:00
LES00712,CU040,Power_BI_40 - Lesson 10,10,00:30:00
LES00713,CU040,Power_BI_40 - Lesson 11,11,00:15:00
LES00714,CU040,Power_BI_40 - Lesson 12,12,00:09:00
LES00715,CU040,Power_BI_40 - Lesson 13,13,00:13:00
LES00716,CU040,Power_BI_40 - Lesson 14,14,00:14:00
LES00717,CU040,Power_BI_40 - Lesson 15,15,00:30:00
LES00718,CU040,Power_BI_40 - Lesson 16,16,00:12:00
LES00719,CU040,Power_BI_40 - Lesson 17,17,00:36:00
LES00720,CU040,Power_BI_40 - Lesson 18,18,00:09:00
LES00721,CU041,React_41 - Lesson 1,1,00:10:00
LES00722,CU041,React_41 - Lesson 2,2,00:20:00
LES00723,CU041,React_41 - Lesson 3,3,00:28:00
LES00724,CU041,React_41 - Lesson 4,4,00:28:00
LES00725,CU041,React_41 - Lesson 5,5,00:17:00
LES00726,CU041,React_41 - Lesson 6,6,00:08:00
LES00727,CU041,React_41 - Lesson 7,7,00:13:00
LES00728,CU041,React_41 - Lesson 8,8,00:08:00
LES00729,CU041,React_41 - Lesson 9,9,00:41:00
LES00730,CU041,React_41 - Lesson 10,10,00:33:00
LES00731,CU041,React_41 - Lesson 11,11,00:41:00
LES00732,CU041,React_41 - Lesson 12,12,00:34:00
LES00733,CU041,React_41 - Lesson 13,13,00:19:00
LES00734,CU041,React_41 - Lesson 14,14,00:44:00
LES00735,CU041,React_41 - Lesson 15,15,00:30:00
LES00736,CU041,React_41 - Lesson 16,16,00:21:00
LES00737,CU041,React_41 - Lesson 17,17,00:24:00
LES00738,CU041,React_41 - Lesson 18,18,00:19:00
LES00739,CU042,Cloud_Computing_42 - Lesson 1,1,00:29:00
LES00740,CU042,Cloud_Computing_42 - Lesson 2,2,00:36:00
LES00741,CU042,Cloud_Computing_42 - Lesson 3,3,00:34:00
LES00742,CU042,Cloud_Computing_42 - Lesson 4,4,00:37:00
LES00743,CU042,Cloud_Computing_42 - Lesson 5,5,00:15:00
LES00744,CU042,Cloud_Computing_42 - Lesson 6,6,00:22:00
LES00745,CU042,Cloud_Computing_42 - Lesson 7,7,00:12:00
LES00746,CU042,Cloud_Computing_42 - Lesson 8,8,00:44:00
LES00747,CU042,Cloud_Computing_42 - Lesson 9,9,00:25:00
LES00748,CU042,Cloud_Computing_42 - Lesson 10,10,00:19:00
LES00749,CU042,Cloud_Computing_42 - Lesson 11,11,00:38:00
LES00750,CU042,Cloud_Computing_42 - Lesson 12,12,00:31:00
LES00751,CU042,Cloud_Computing_42 - Lesson 13,13,00:43:00
LES00752,CU042,Cloud_Computing_42 - Lesson 14,14,00:38:00
LES00753,CU042,Cloud_Computing_42 - Lesson 15,15,00:44:00
LES00754,CU042,Cloud_Computing_42 - Lesson 16,16,00:36:00
LES00755,CU042,Cloud_Computing_42 - Lesson 17,17,00:39:00
LES00756,CU042,Cloud_Computing_42 - Lesson 18,18,00:23:00
LES00757,CU043,Java_43 - Lesson 1,1,00:08:00
LES00758,CU043,Java_43 - Lesson 2,2,00:44:00
LES00759,CU043,Java_43 - Lesson 3,3,00:27:00
LES00760,CU043,Java_43 - Lesson 4,4,00:21:00
LES00761,CU043,Java_43 - Lesson 5,5,00:10:00
LES00762,CU043,Java_43 - Lesson 6,6,00:33:00
LES00763,CU043,Java_43 - Lesson 7,7,00:29:00
LES00764,CU043,Java_43 - Lesson 8,8,00:24:00
LES00765,CU043,Java_43 - Lesson 9,9,00:34:00
LES00766,CU043,Java_43 - Lesson 10,10,00:42:00
LES00767,CU043,Java_43 - Lesson 11,11,00:17:00
LES00768,CU043,Java_43 - Lesson 12,12,00:41:00
LES00769,CU043,Java_43 - Lesson 13,13,00:30:00
LES00770,CU043,Java_43 - Lesson 14,14,00:34:00
LES00771,CU043,Java_43 - Lesson 15,15,00:41:00
LES00772,CU043,Java_43 - Lesson 16,16,00:17:00
LES00773,CU043,Java_43 - Lesson 17,17,00:41:00
LES00774,CU043,Java_43 - Lesson 18,18,00:44:00
LES00775,CU044,Java_44 - Lesson 1,1,00:30:00
LES00776,CU044,Java_44 - Lesson 2,2,00:20:00
LES00777,CU044,Java_44 - Lesson 3,3,00:39:00
LES00778,CU044,Java_44 - Lesson 4,4,00:29:00
LES00779,CU044,Java_44 - Lesson 5,5,00:34:00
LES00780,CU044,Java_44 - Lesson 6,6,00:29:00
LES00781,CU044,Java_44 - Lesson 7,7,00:10:00
LES00782,CU044,Java_44 - Lesson 8,8,00:43:00
LES00783,CU044,Java_44 - Lesson 9,9,00:21:00
LES00784,CU044,Java_44 - Lesson 10,10,00:16:00
LES00785,CU044,Java_44 - Lesson 11,11,00:45:00
LES00786,CU044,Java_44 - Lesson 12,12,00:37:00
LES00787,CU044,Java_44 - Lesson 13,13,00:11:00
LES00788,CU044,Java_44 - Lesson 14,14,00:13:00
LES00789,CU044,Java_44 - Lesson 15,15,00:19:00
LES00790,CU044,Java_44 - Lesson 16,16,00:32:00
LES00791,CU044,Java_44 - Lesson 17,17,00:16:00
LES00792,CU044,Java_44 - Lesson 18,18,00:35:00
LES00793,CU045,Cloud_Computing_45 - Lesson 1,1,00:31:00
LES00794,CU045,Cloud_Computing_45 - Lesson 2,2,00:11:00
LES00795,CU045,Cloud_Computing_45 - Lesson 3,3,00:24:00
LES00796,CU045,Cloud_Computing_45 - Lesson 4,4,00:22:00
LES00797,CU045,Cloud_Computing_45 - Lesson 5,5,00:45:00
LES00798,CU045,Cloud_Computing_45 - Lesson 6,6,00:21:00
LES00799,CU045,Cloud_Computing_45 - Lesson 7,7,00:23:00
LES00800,CU045,Cloud_Computing_45 - Lesson 8,8,00:28:00
LES00801,CU045,Cloud_Computing_45 - Lesson 9,9,00:08:00
LES00802,CU045,Cloud_Computing_45 - Lesson 10,10,00:42:00
LES00803,CU045,Cloud_Computing_45 - Lesson 11,11,00:45:00
LES00804,CU045,Cloud_Computing_45 - Lesson 12,12,00:14:00
LES00805,CU045,Cloud_Computing_45 - Lesson 13,13,00:39:00
LES00806,CU045,Cloud_Computing_45 - Lesson 14,14,00:34:00
LES00807,CU045,Cloud_Computing_45 - Lesson 15,15,00:29:00
LES00808,CU045,Cloud_Computing_45 - Lesson 16,16,00:08:00
LES00809,CU045,Cloud_Computing_45 - Lesson 17,17,00:30:00
LES00810,CU045,Cloud_Computing_45 - Lesson 18,18,00:34:00
LES00811,CU046,Web_Development_46 - Lesson 1,1,00:41:00
LES00812,CU046,Web_Development_46 - Lesson 2,2,00:39:00
LES00813,CU046,Web_Development_46 - Lesson 3,3,00:29:00
LES00814,CU046,Web_Development_46 - Lesson 4,4,00:20:00
LES00815,CU046,Web_Development_46 - Lesson 5,5,00:29:00
LES00816,CU046,Web_Development_46 - Lesson 6,6,00:19:00
LES00817,CU046,Web_Development_46 - Lesson 7,7,00:22:00
LES00818,CU046,Web_Development_46 - Lesson 8,8,00:28:00
LES00819,CU046,Web_Development_46 - Lesson 9,9,00:39:00
LES00820,CU046,Web_Development_46 - Lesson 10,10,00:31:00
LES00821,CU046,Web_Development_46 - Lesson 11,11,00:39:00
LES00822,CU046,Web_Development_46 - Lesson 12,12,00:15:00
LES00823,CU046,Web_Development_46 - Lesson 13,13,00:34:00
LES00824,CU046,Web_Development_46 - Lesson 14,14,00:22:00
LES00825,CU046,Web_Development_46 - Lesson 15,15,00:08:00
LES00826,CU046,Web_Development_46 - Lesson 16,16,00:39:00
LES00827,CU046,Web_Development_46 - Lesson 17,17,00:15:00
LES00828,CU046,Web_Development_46 - Lesson 18,18,00:37:00
LES00829,CU047,React_47 - Lesson 1,1,00:33:00
LES00830,CU047,React_47 - Lesson 2,2,00:43:00
LES00831,CU047,React_47 - Lesson 3,3,00:39:00
LES00832,CU047,React_47 - Lesson 4,4,00:12:00
LES00833,CU047,React_47 - Lesson 5,5,00:14:00
LES00834,CU047,React_47 - Lesson 6,6,00:30:00
LES00835,CU047,React_47 - Lesson 7,7,00:41:00
LES00836,CU047,React_47 - Lesson 8,8,00:18:00
LES00837,CU047,React_47 - Lesson 9,9,00:10:00
LES00838,CU047,React_47 - Lesson 10,10,00:35:00
LES00839,CU047,React_47 - Lesson 11,11,00:20:00
LES00840,CU047,React_47 - Lesson 12,12,00:25:00
LES00841,CU047,React_47 - Lesson 13,13,00:38:00
LES00842,CU047,React_47 - Lesson 14,14,00:31:00
LES00843,CU047,React_47 - Lesson 15,15,00:19:00
LES00844,CU047,React_47 - Lesson 16,16,00:16:00
LES00845,CU047,React_47 - Lesson 17,17,00:25:00
LES00846,CU047,React_47 - Lesson 18,18,00:28:00
LES00847,CU048,Python_48 - Lesson 1,1,00:29:00
LES00848,CU048,Python_48 - Lesson 2,2,00:29:00
LES00849,CU048,Python_48 - Lesson 3,3,00:09:00
LES00850,CU048,Python_48 - Lesson 4,4,00:23:00
LES00851,CU048,Python_48 - Lesson 5,5,00:13:00
LES00852,CU048,Python_48 - Lesson 6,6,00:27:00
LES00853,CU048,Python_48 - Lesson 7,7,00:28:00
LES00854,CU048,Python_48 - Lesson 8,8,00:14:00
LES00855,CU048,Python_48 - Lesson 9,9,00:20:00
LES00856,CU048,Python_48 - Lesson 10,10,00:44:00
LES00857,CU048,Python_48 - Lesson 11,11,00:23:00
LES00858,CU048,Python_48 - Lesson 12,12,00:11:00
LES00859,CU048,Python_48 - Lesson 13,13,00:38:00
LES00860,CU048,Python_48 - Lesson 14,14,00:34:00
LES00861,CU048,Python_48 - Lesson 15,15,00:21:00
LES00862,CU048,Python_48 - Lesson 16,16,00:19:00
LES00863,CU048,Python_48 - Lesson 17,17,00:15:00
LES00864,CU048,Python_48 - Lesson 18,18,00:36:00
LES00865,CU049,Power_BI_49 - Lesson 1,1,00:23:00
LES00866,CU049,Power_BI_49 - Lesson 2,2,00:34:00
LES00867,CU049,Power_BI_49 - Lesson 3,3,00:44:00
LES00868,CU049,Power_BI_49 - Lesson 4,4,00:45:00
LES00869,CU049,Power_BI_49 - Lesson 5,5,00:16:00
LES00870,CU049,Power_BI_49 - Lesson 6,6,00:14:00
LES00871,CU049,Power_BI_49 - Lesson 7,7,00:26:00
LES00872,CU049,Power_BI_49 - Lesson 8,8,00:16:00
LES00873,CU049,Power_BI_49 - Lesson 9,9,00:12:00
LES00874,CU049,Power_BI_49 - Lesson 10,10,00:38:00
LES00875,CU049,Power_BI_49 - Lesson 11,11,00:09:00
LES00876,CU049,Power_BI_49 - Lesson 12,12,00:17:00
LES00877,CU049,Power_BI_49 - Lesson 13,13,00:36:00
LES00878,CU049,Power_BI_49 - Lesson 14,14,00:21:00
LES00879,CU049,Power_BI_49 - Lesson 15,15,00:24:00
LES00880,CU049,Power_BI_49 - Lesson 16,16,00:20:00
LES00881,CU049,Power_BI_49 - Lesson 17,17,00:27:00
LES00882,CU049,Power_BI_49 - Lesson 18,18,00:37:00
LES00883,CU050,Data_Engineering_50 - Lesson 1,1,00:41:00
LES00884,CU050,Data_Engineering_50 - Lesson 2,2,00:20:00
LES00885,CU050,Data_Engineering_50 - Lesson 3,3,00:41:00
LES00886,CU050,Data_Engineering_50 - Lesson 4,4,00:11:00
LES00887,CU050,Data_Engineering_50 - Lesson 5,5,00:28:00
LES00888,CU050,Data_Engineering_50 - Lesson 6,6,00:08:00
LES00889,CU050,Data_Engineering_50 - Lesson 7,7,00:11:00
LES00890,CU050,Data_Engineering_50 - Lesson 8,8,00:39:00
LES00891,CU050,Data_Engineering_50 - Lesson 9,9,00:14:00
LES00892,CU050,Data_Engineering_50 - Lesson 10,10,00:16:00
LES00893,CU050,Data_Engineering_50 - Lesson 11,11,00:19:00
LES00894,CU050,Data_Engineering_50 - Lesson 12,12,00:35:00
LES00895,CU050,Data_Engineering_50 - Lesson 13,13,00:09:00
LES00896,CU050,Data_Engineering_50 - Lesson 14,14,00:11:00
LES00897,CU050,Data_Engineering_50 - Lesson 15,15,00:24:00
LES00898,CU050,Data_Engineering_50 - Lesson 16,16,00:20:00
LES00899,CU050,Data_Engineering_50 - Lesson 17,17,00:45:00
LES00900,CU050,Data_Engineering_50 - Lesson 18,18,00:39:00
LES00901,CU051,Python_51 - Lesson 1,1,00:29:00
LES00902,CU051,Python_51 - Lesson 2,2,00:30:00
LES00903,CU051,Python_51 - Lesson 3,3,00:14:00
LES00904,CU051,Python_51 - Lesson 4,4,00:25:00
LES00905,CU051,Python_51 - Lesson 5,5,00:29:00
LES00906,CU051,Python_51 - Lesson 6,6,00:12:00
LES00907,CU051,Python_51 - Lesson 7,7,00:42:00
LES00908,CU051,Python_51 - Lesson 8,8,00:11:00
LES00909,CU051,Python_51 - Lesson 9,9,00:40:00
LES00910,CU051,Python_51 - Lesson 10,10,00:23:00
LES00911,CU051,Python_51 - Lesson 11,11,00:11:00
LES00912,CU051,Python_51 - Lesson 12,12,00:30:00
LES00913,CU051,Python_51 - Lesson 13,13,00:22:00
LES00914,CU051,Python_51 - Lesson 14,14,00:17:00
LES00915,CU051,Python_51 - Lesson 15,15,00:13:00
LES00916,CU051,Python_51 - Lesson 16,16,00:44:00
LES00917,CU051,Python_51 - Lesson 17,17,00:26:00
LES00918,CU051,Python_51 - Lesson 18,18,00:36:00
LES00919,CU052,Java_52 - Lesson 1,1,00:38:00
LES00920,CU052,Java_52 - Lesson 2,2,00:15:00
LES00921,CU052,Java_52 - Lesson 3,3,00:08:00
LES00922,CU052,Java_52 - Lesson 4,4,00:43:00
LES00923,CU052,Java_52 - Lesson 5,5,00:15:00
LES00924,CU052,Java_52 - Lesson 6,6,00:24:00
LES00925,CU052,Java_52 - Lesson 7,7,00:36:00
LES00926,CU052,Java_52 - Lesson 8,8,00:24:00
LES00927,CU052,Java_52 - Lesson 9,9,00:29:00
LES00928,CU052,Java_52 - Lesson 10,10,00:30:00
LES00929,CU052,Java_52 - Lesson 11,11,00:43:00
LES00930,CU052,Java_52 - Lesson 12,12,00:35:00
LES00931,CU052,Java_52 - Lesson 13,13,00:24:00
LES00932,CU052,Java_52 - Lesson 14,14,00:36:00
LES00933,CU052,Java_52 - Lesson 15,15,00:35:00
LES00934,CU052,Java_52 - Lesson 16,16,00:22:00
LES00935,CU052,Java_52 - Lesson 17,17,00:30:00
LES00936,CU052,Java_52 - Lesson 18,18,00:29:00
LES00937,CU053,React_53 - Lesson 1,1,00:11:00
LES00938,CU053,React_53 - Lesson 2,2,00:32:00
LES00939,CU053,React_53 - Lesson 3,3,00:27:00
LES00940,CU053,React_53 - Lesson 4,4,00:21:00
LES00941,CU053,React_53 - Lesson 5,5,00:20:00
LES00942,CU053,React_53 - Lesson 6,6,00:08:00
LES00943,CU053,React_53 - Lesson 7,7,00:19:00
LES00944,CU053,React_53 - Lesson 8,8,00:25:00
LES00945,CU053,React_53 - Lesson 9,9,00:17:00
LES00946,CU053,React_53 - Lesson 10,10,00:29:00
LES00947,CU053,React_53 - Lesson 11,11,00:37:00
LES00948,CU053,React_53 - Lesson 12,12,00:12:00
LES00949,CU053,React_53 - Lesson 13,13,00:28:00
LES00950,CU053,React_53 - Lesson 14,14,00:16:00
LES00951,CU053,React_53 - Lesson 15,15,00:39:00
LES00952,CU053,React_53 - Lesson 16,16,00:16:00
LES00953,CU053,React_53 - Lesson 17,17,00:35:00
LES00954,CU053,React_53 - Lesson 18,18,00:25:00
LES00955,CU054,Cloud_Computing_54 - Lesson 1,1,00:32:00
LES00956,CU054,Cloud_Computing_54 - Lesson 2,2,00:41:00
LES00957,CU054,Cloud_Computing_54 - Lesson 3,3,00:17:00
LES00958,CU054,Cloud_Computing_54 - Lesson 4,4,00:41:00
LES00959,CU054,Cloud_Computing_54 - Lesson 5,5,00:41:00
LES00960,CU054,Cloud_Computing_54 - Lesson 6,6,00:26:00
LES00961,CU054,Cloud_Computing_54 - Lesson 7,7,00:14:00
LES00962,CU054,Cloud_Computing_54 - Lesson 8,8,00:11:00
LES00963,CU054,Cloud_Computing_54 - Lesson 9,9,00:43:00
LES00964,CU054,Cloud_Computing_54 - Lesson 10,10,00:13:00
LES00965,CU054,Cloud_Computing_54 - Lesson 11,11,00:33:00
LES00966,CU054,Cloud_Computing_54 - Lesson 12,12,00:36:00
LES00967,CU054,Cloud_Computing_54 - Lesson 13,13,00:09:00
LES00968,CU054,Cloud_Computing_54 - Lesson 14,14,00:17:00
LES00969,CU054,Cloud_Computing_54 - Lesson 15,15,00:16:00
LES00970,CU054,Cloud_Computing_54 - Lesson 16,16,00:09:00
LES00971,CU054,Cloud_Computing_54 - Lesson 17,17,00:23:00
LES00972,CU054,Cloud_Computing_54 - Lesson 18,18,00:43:00
LES00973,CU055,Python_55 - Lesson 1,1,00:25:00
LES00974,CU055,Python_55 - Lesson 2,2,00:41:00
LES00975,CU055,Python_55 - Lesson 3,3,00:18:00
LES00976,CU055,Python_55 - Lesson 4,4,00:22:00
LES00977,CU055,Python_55 - Lesson 5,5,00:41:00
LES00978,CU055,Python_55 - Lesson 6,6,00:38:00
LES00979,CU055,Python_55 - Lesson 7,7,00:08:00
LES00980,CU055,Python_55 - Lesson 8,8,00:39:00
LES00981,CU055,Python_55 - Lesson 9,9,00:10:00
LES00982,CU055,Python_55 - Lesson 10,10,00:39:00
LES00983,CU055,Python_55 - Lesson 11,11,00:12:00
LES00984,CU055,Python_55 - Lesson 12,12,00:33:00
LES00985,CU055,Python_55 - Lesson 13,13,00:43:00
LES00986,CU055,Python_55 - Lesson 14,14,00:40:00
LES00987,CU055,Python_55 - Lesson 15,15,00:29:00
LES00988,CU055,Python_55 - Lesson 16,16,00:42:00
LES00989,CU055,Python_55 - Lesson 17,17,00:22:00
LES00990,CU055,Python_55 - Lesson 18,18,00:17:00
LES00991,CU056,Data_Engineering_56 - Lesson 1,1,00:35:00
LES00992,CU056,Data_Engineering_56 - Lesson 2,2,00:15:00
LES00993,CU056,Data_Engineering_56 - Lesson 3,3,00:17:00
LES00994,CU056,Data_Engineering_56 - Lesson 4,4,00:15:00
LES00995,CU056,Data_Engineering_56 - Lesson 5,5,00:28:00
LES00996,CU056,Data_Engineering_56 - Lesson 6,6,00:25:00
LES00997,CU056,Data_Engineering_56 - Lesson 7,7,00:34:00
LES00998,CU056,Data_Engineering_56 - Lesson 8,8,00:33:00
LES00999,CU056,Data_Engineering_56 - Lesson 9,9,00:11:00
LES01000,CU056,Data_Engineering_56 - Lesson 10,10,00:41:00
LES01001,CU056,Data_Engineering_56 - Lesson 11,11,00:22:00
LES01002,CU056,Data_Engineering_56 - Lesson 12,12,00:11:00
LES01003,CU056,Data_Engineering_56 - Lesson 13,13,00:28:00
LES01004,CU056,Data_Engineering_56 - Lesson 14,14,00:42:00
LES01005,CU056,Data_Engineering_56 - Lesson 15,15,00:44:00
LES01006,CU056,Data_Engineering_56 - Lesson 16,16,00:10:00
LES01007,CU056,Data_Engineering_56 - Lesson 17,17,00:29:00
LES01008,CU056,Data_Engineering_56 - Lesson 18,18,00:44:00
LES01009,CU057,Machine_Learning_57 - Lesson 1,1,00:28:00
LES01010,CU057,Machine_Learning_57 - Lesson 2,2,00:32:00
LES01011,CU057,Machine_Learning_57 - Lesson 3,3,00:27:00
LES01012,CU057,Machine_Learning_57 - Lesson 4,4,00:08:00
LES01013,CU057,Machine_Learning_57 - Lesson 5,5,00:31:00
LES01014,CU057,Machine_Learning_57 - Lesson 6,6,00:18:00
LES01015,CU057,Machine_Learning_57 - Lesson 7,7,00:41:00
LES01016,CU057,Machine_Learning_57 - Lesson 8,8,00:38:00
LES01017,CU057,Machine_Learning_57 - Lesson 9,9,00:32:00
LES01018,CU057,Machine_Learning_57 - Lesson 10,10,00:25:00
LES01019,CU057,Machine_Learning_57 - Lesson 11,11,00:26:00
LES01020,CU057,Machine_Learning_57 - Lesson 12,12,00:33:00
LES01021,CU057,Machine_Learning_57 - Lesson 13,13,00:33:00
LES01022,CU057,Machine_Learning_57 - Lesson 14,14,00:38:00
LES01023,CU057,Machine_Learning_57 - Lesson 15,15,00:17:00
LES01024,CU057,Machine_Learning_57 - Lesson 16,16,00:29:00
LES01025,CU057,Machine_Learning_57 - Lesson 17,17,00:22:00
LES01026,CU057,Machine_Learning_57 - Lesson 18,18,00:40:00
LES01027,CU058,SQL_58 - Lesson 1,1,00:14:00
LES01028,CU058,SQL_58 - Lesson 2,2,00:17:00
LES01029,CU058,SQL_58 - Lesson 3,3,00:34:00
LES01030,CU058,SQL_58 - Lesson 4,4,00:09:00
LES01031,CU058,SQL_58 - Lesson 5,5,00:25:00
LES01032,CU058,SQL_58 - Lesson 6,6,00:32:00
LES01033,CU058,SQL_58 - Lesson 7,7,00:44:00
LES01034,CU058,SQL_58 - Lesson 8,8,00:13:00
LES01035,CU058,SQL_58 - Lesson 9,9,00:26:00
LES01036,CU058,SQL_58 - Lesson 10,10,00:21:00
LES01037,CU058,SQL_58 - Lesson 11,11,00:45:00
LES01038,CU058,SQL_58 - Lesson 12,12,00:37:00
LES01039,CU058,SQL_58 - Lesson 13,13,00:28:00
LES01040,CU058,SQL_58 - Lesson 14,14,00:09:00
LES01041,CU058,SQL_58 - Lesson 15,15,00:12:00
LES01042,CU058,SQL_58 - Lesson 16,16,00:23:00
LES01043,CU058,SQL_58 - Lesson 17,17,00:29:00
LES01044,CU058,SQL_58 - Lesson 18,18,00:17:00
LES01045,CU059,React_59 - Lesson 1,1,00:19:00
LES01046,CU059,React_59 - Lesson 2,2,00:22:00
LES01047,CU059,React_59 - Lesson 3,3,00:39:00
LES01048,CU059,React_59 - Lesson 4,4,00:16:00
LES01049,CU059,React_59 - Lesson 5,5,00:25:00
LES01050,CU059,React_59 - Lesson 6,6,00:44:00
LES01051,CU059,React_59 - Lesson 7,7,00:28:00
LES01052,CU059,React_59 - Lesson 8,8,00:28:00
LES01053,CU059,React_59 - Lesson 9,9,00:41:00
LES01054,CU059,React_59 - Lesson 10,10,00:17:00
LES01055,CU059,React_59 - Lesson 11,11,00:25:00
LES01056,CU059,React_59 - Lesson 12,12,00:13:00
LES01057,CU059,React_59 - Lesson 13,13,00:34:00
LES01058,CU059,React_59 - Lesson 14,14,00:38:00
LES01059,CU059,React_59 - Lesson 15,15,00:42:00
LES01060,CU059,React_59 - Lesson 16,16,00:27:00
LES01061,CU059,React_59 - Lesson 17,17,00:32:00
LES01062,CU059,React_59 - Lesson 18,18,00:30:00
LES01063,CU060,Java_60 - Lesson 1,1,00:09:00
LES01064,CU060,Java_60 - Lesson 2,2,00:22:00
LES01065,CU060,Java_60 - Lesson 3,3,00:39:00
LES01066,CU060,Java_60 - Lesson 4,4,00:08:00
LES01067,CU060,Java_60 - Lesson 5,5,00:39:00
LES01068,CU060,Java_60 - Lesson 6,6,00:18:00
LES01069,CU060,Java_60 - Lesson 7,7,00:36:00
LES01070,CU060,Java_60 - Lesson 8,8,00:45:00
LES01071,CU060,Java_60 - Lesson 9,9,00:37:00
LES01072,CU060,Java_60 - Lesson 10,10,00:39:00
LES01073,CU060,Java_60 - Lesson 11,11,00:31:00
LES01074,CU060,Java_60 - Lesson 12,12,00:15:00
LES01075,CU060,Java_60 - Lesson 13,13,00:22:00
LES01076,CU060,Java_60 - Lesson 14,14,00:37:00
LES01077,CU060,Java_60 - Lesson 15,15,00:21:00
LES01078,CU060,Java_60 - Lesson 16,16,00:29:00
LES01079,CU060,Java_60 - Lesson 17,17,00:11:00
LES01080,CU060,Java_60 - Lesson 18,18,00:26:00
